Ano Calendário,Faixa de Salários-Mínimos,"Bolsas de estudo e de pesquisa caracterizadas como doação, exceto médico-residente ou Pronatec, exclusivamente para proceder a estudos ou pesquisas e desde que os resultados dessas atividades não representem vantagem para o doador, nem importem contraprestação de serviços","Bolsas de estudo e de pesquisa caracterizadas como doação, quando recebidas exclusivamente para proceder a estudos ou pesquisas, recebidas por médico-residente e por servidor da rede pública de educação profissional, científica e tecnológica que participe das atividades do Pronatec","Capital das apólices de seguro ou pecúlio pago por morte do segurado, prêmio de seguro restituído em qualquer caso e pecúlio recebido de entidades de previdência privada em decorrência de morte ou invalidez permanente","Indenizações por rescisão de contrato de trabalho, inclusive a título de PDV, e por acidente de trabalho; e FGTS","Ganho de capital na alienação de bem, direito ou conjunto de bens ou direitos da mesma natureza, alienados em um mesmo mês, de valor total de alienação até R$ 20.000,00, para ações alienadas no mercado de balcão, e R$ 35.000,00, nos demais casos","Ganho de capital na alienação do único imóvel por valor igual ou inferior a R$ 440.000,00 e que, nos últimos 5 anos, não tenha efetuado nenhuma outra alienação de imóvel","Ganho de capital na venda de imóveis residenciais para aquisição, no prazo de 180 dias, de imóveis residenciais localizados no Brasil e redução sobre o ganho de capital","Ganho de capital na alienação de moeda estrangeira mantida em espécie cujo total de alienações, no ano-calendário, seja igual ou inferior ao equivalente a US$ 5,000.00",Lucros e dividendos recebidos,"Parcela isenta de proventos de aposentadoria, reserva remunerada, reforma e pensão de declarante com 65 anos ou mais","Pensão, proventos de aposentadoria ou reforma por moléstia grave ou aposentadoria ou reforma por acidente em serviço","Rendimentos de cadernetas de poupança, letras hipotecárias, letras de crédito do agronegócio e imobiliário (LCA e LCI) e certificados de recebíveis do agronegócio e imobiliários (CRA e CRI)","Rendimento de sócio ou titular de microempresa ou empresa de pequeno porte optante pelo Simples Nacional, exceto pro labore, aluguéis e serviços prestados",Transferências patrimoniais - doações e heranças,Imposto sobre a renda de anos-calendário anteriores compensado judicialmente neste ano-calendário,"75% (setenta e cinco por cento) dos rendimentos do trabalho assalariado recebidos em moeda estrangeira por servidores de autarquias ou repartições do Governo Brasileiro situadas no exterior, convertidos em reais",Incorporação de reservas ao capital / Bonificações em ações,Transferências patrimoniais - meação e dissolução da sociedade conjugal e da unidade familiar,"Ganhos líquidos em operações no mercado à vista de ações negociadas em bolsas de valores nas alienações realizadas até R$ 20.000,00 em cada mês, para o conjunto de ações","Ganhos líquidos em operações com ouro, ativo financeiro, nas alienações realizadas até R$ 20.000,00 em cada mês","Rendimento bruto, até o máximo de 90%, da prestação de serviços decorrente do transporte de carga e com trator, máquina de terraplenagem, colheitadeira e assemelhados","Rendimento bruto, até o máximo de 40%, da prestação de serviços decorrente do transporte de passageiros",Restituição de imposto sobre a renda de anos-calendário anteriores,Outros,Parcela isenta correspondente à atividade rural,"Recuperação de prejuízos em Renda Variável (bolsa de valores, de mercadorias, de futuros e assemelhados e fundos de investimento imobiliário)",Demais Rend. isentos e não-tributáveis dos dependentes,"Benefícios ind. e reembolso desp. receb. voluntário Fifa, da Subsidiária Fifa Brasil ou Comitê Organizador Brasileiro (LOC)"
2020,Até 1/2,"R$ 48.812.763,13","R$ 12.993.921,11","R$ 7.669.250,54","R$ 1.522.546.074,00","R$ 27.028.368,22","R$ 779.166,38","R$ 962.415,66","R$ 403.401,54","R$ 581.826.143,90","R$ 238.940.714,20","R$ 52.889.057,39","R$ 2.302.893.290,00","R$ 508.407.898,60","R$ 16.836.655,49","R$ 728.995,12","R$ 98.337,81","R$ 3.808.879,75","R$ 493.109,74","R$ 151.231.380,60","R$ 4.231.066,76","R$ 2.207.527,22","R$ 16.192.433,22","R$ 370.856.977,90","R$ 7.244.897.556,00","R$ 40.728.329,63","R$ 5.009.836,66","R$ 6.594,08","R$ 0,00"
2020,De 1/2 a 1,"R$ 81.226.500,80","R$ 28.910.792,32","R$ 21.530.446,03","R$ 2.307.265.979,00","R$ 53.647.413,24","R$ 2.108.771,95","R$ 1.030.123,93","R$ 719.089,64","R$ 838.514.028,50","R$ 857.741.188,00","R$ 240.567.833,40","R$ 1.240.196.345,00","R$ 1.337.467.620,00","R$ 92.473.456,41","R$ 882.171,79","R$ 161.958,22","R$ 3.654.571,03","R$ 2.108.827,18","R$ 157.742.147,00","R$ 5.008.372,12","R$ 8.811.884,04","R$ 59.812.458,27","R$ 210.535.094,40","R$ 8.040.335.486,00","R$ 141.111.921,30","R$ 8.007.627,34","R$ 12.059,30","R$ 0,00"
2020,De 1 a 2,"R$ 267.881.858,30","R$ 55.452.103,85","R$ 88.256.051,49","R$ 3.360.606.888,00","R$ 179.441.278,50","R$ 10.273.456,57","R$ 4.073.448,64","R$ 1.938.451,20","R$ 2.367.641.219,00","R$ 48.584.342.740,00","R$ 2.267.828.624,00","R$ 1.898.815.056,00","R$ 4.400.108.418,00","R$ 482.032.675,50","R$ 2.323.511,93","R$ 819.936,44","R$ 7.147.075,19","R$ 11.417.771,26","R$ 254.491.392,70","R$ 10.535.194,52","R$ 43.984.456,10","R$ 120.438.073,10","R$ 242.506.574,60","R$ 10.032.642.930,00","R$ 611.574.908,70","R$ 19.302.799,77","R$ 1.551,17","R$ 0,00"
2020,De 2 a 3,"R$ 358.239.044,40","R$ 171.675.105,00","R$ 140.145.674,00","R$ 2.498.797.983,00","R$ 262.827.830,20","R$ 18.028.207,49","R$ 7.148.603,94","R$ 2.076.902,05","R$ 2.633.716.116,00","R$ 18.484.413.650,00","R$ 1.874.055.589,00","R$ 2.683.119.457,00","R$ 4.559.156.906,00","R$ 835.707.178,80","R$ 2.492.073,98","R$ 1.154.280,28","R$ 7.027.905,52","R$ 19.762.276,20","R$ 182.046.487,90","R$ 8.104.161,92","R$ 90.319.352,51","R$ 77.850.165,50","R$ 244.395.658,10","R$ 6.911.567.390,00","R$ 1.068.001.101,00","R$ 21.948.357,40","R$ 10.291,68","R$ 0,00"
2020,De 3 a 5,"R$ 480.642.863,80","R$ 464.249.933,50","R$ 326.007.957,70","R$ 3.816.077.063,00","R$ 233.525.032,90","R$ 62.775.154,47","R$ 25.097.191,31","R$ 2.461.007,65","R$ 6.376.004.605,00","R$ 7.633.836.946,00","R$ 5.193.997.858,00","R$ 3.007.103.344,00","R$ 9.580.090.038,00","R$ 2.950.589.476,00","R$ 5.463.518,48","R$ 3.978.686,24","R$ 13.866.145,90","R$ 70.020.057,29","R$ 238.256.134,50","R$ 12.030.456,31","R$ 342.556.911,10","R$ 62.455.100,58","R$ 206.789.681,60","R$ 8.947.205.021,00","R$ 3.281.740.045,00","R$ 41.814.854,86","R$ 76.091,03","R$ 0,00"
2020,De 5 a 7,"R$ 244.481.499,10","R$ 157.659.111,00","R$ 301.384.678,30","R$ 2.758.896.349,00","R$ 123.419.548,90","R$ 85.807.120,17","R$ 34.612.137,94","R$ 1.643.922,94","R$ 6.598.598.436,00","R$ 2.319.225.427,00","R$ 4.560.091.878,00","R$ 1.896.572.696,00","R$ 8.876.890.268,00","R$ 3.356.987.669,00","R$ 4.479.726,97","R$ 3.982.375,25","R$ 15.335.367,58","R$ 83.789.627,58","R$ 150.597.774,40","R$ 8.534.288,68","R$ 506.160.972,50","R$ 20.670.689,00","R$ 101.126.883,00","R$ 5.157.682.396,00","R$ 4.024.316.579,00","R$ 36.093.898,65","R$ 143.349,16","R$ 0,00"
2020,De 7 a 10,"R$ 266.090.436,80","R$ 177.020.804,10","R$ 403.199.567,90","R$ 3.152.921.419,00","R$ 121.581.705,50","R$ 158.424.404,40","R$ 76.642.079,08","R$ 1.440.942,73","R$ 10.966.207.900,00","R$ 1.829.943.622,00","R$ 5.672.900.810,00","R$ 2.024.505.693,00","R$ 12.181.467.210,00","R$ 3.288.874.169,00","R$ 4.233.613,98","R$ 7.048.836,95","R$ 24.290.155,89","R$ 158.896.556,90","R$ 143.875.148,00","R$ 12.715.318,90","R$ 848.675.488,60","R$ 13.137.086,13","R$ 89.616.764,75","R$ 6.096.925.906,00","R$ 6.243.027.267,00","R$ 45.585.404,47","R$ 80.024,17","R$ 0,00"
2020,De 10 a 15,"R$ 214.774.620,40","R$ 266.502.084,90","R$ 545.235.130,50","R$ 3.685.363.283,00","R$ 130.117.497,30","R$ 291.734.859,80","R$ 144.463.250,80","R$ 1.505.825,59","R$ 16.959.607.150,00","R$ 1.626.470.836,00","R$ 9.994.093.651,00","R$ 2.282.453.584,00","R$ 15.272.875.590,00","R$ 4.545.023.638,00","R$ 4.930.118,86","R$ 13.886.903,18","R$ 40.138.258,11","R$ 278.039.655,30","R$ 140.794.111,30","R$ 19.289.416,83","R$ 1.375.617.016,00","R$ 10.141.322,54","R$ 92.096.282,82","R$ 8.151.359.305,00","R$ 7.021.649.023,00","R$ 60.842.261,14","R$ 136.049,61","R$ 0,00"
2020,De 15 a 20,"R$ 70.919.847,26","R$ 59.455.173,56","R$ 460.517.201,60","R$ 2.974.366.796,00","R$ 88.220.038,75","R$ 283.093.742,50","R$ 161.838.792,00","R$ 804.974,69","R$ 16.669.629.930,00","R$ 914.756.203,10","R$ 8.095.921.004,00","R$ 1.660.063.354,00","R$ 12.656.912.730,00","R$ 3.933.730.144,00","R$ 2.596.436,84","R$ 14.807.377,11","R$ 46.316.188,82","R$ 311.328.219,70","R$ 90.738.858,53","R$ 26.154.873,83","R$ 1.043.726.885,00","R$ 7.343.212,33","R$ 65.982.601,07","R$ 5.327.031.728,00","R$ 4.819.990.768,00","R$ 43.487.370,43","R$ 213.226,57","R$ 0,00"
2020,De 20 a 30,"R$ 57.001.362,88","R$ 32.453.532,95","R$ 654.354.879,50","R$ 3.677.429.277,00","R$ 104.296.790,20","R$ 447.262.600,10","R$ 267.736.736,80","R$ 2.396.718,69","R$ 27.166.117.960,00","R$ 962.215.138,60","R$ 12.964.360.980,00","R$ 2.255.738.650,00","R$ 16.719.105.810,00","R$ 6.310.561.283,00","R$ 4.435.364,06","R$ 152.491.629,30","R$ 78.217.938,92","R$ 564.702.823,60","R$ 94.587.689,65","R$ 13.241.876,90","R$ 1.181.712.725,00","R$ 8.511.918,70","R$ 102.817.386,10","R$ 6.605.222.343,00","R$ 6.199.722.129,00","R$ 75.368.722,73","R$ 186.879,26","R$ 0,00"
2020,De 30 a 40,"R$ 14.469.147,99","R$ 10.219.620,09","R$ 408.597.010,70","R$ 1.960.306.934,00","R$ 61.588.434,18","R$ 237.008.134,70","R$ 163.533.191,90","R$ 1.019.317,36","R$ 16.825.033.650,00","R$ 406.949.456,10","R$ 6.513.060.533,00","R$ 1.246.197.639,00","R$ 8.292.043.557,00","R$ 3.972.924.231,00","R$ 2.552.813,77","R$ 208.719.702,90","R$ 74.957.753,98","R$ 399.531.171,00","R$ 41.176.981,18","R$ 4.120.594,61","R$ 400.794.824,50","R$ 3.262.606,93","R$ 60.326.448,16","R$ 3.416.339.269,00","R$ 3.286.557.941,00","R$ 40.316.844,77","R$ 570.034,41","R$ 0,00"
2020,De 40 a 60,"R$ 19.765.929,62","R$ 9.920.259,46","R$ 807.520.587,70","R$ 2.761.212.216,00","R$ 61.521.120,42","R$ 86.193.419,40","R$ 291.985.070,80","R$ 1.514.481,73","R$ 33.498.193.920,00","R$ 496.718.197,70","R$ 5.210.003.486,00","R$ 2.265.933.103,00","R$ 13.384.675.610,00","R$ 7.974.915.833,00","R$ 4.312.098,36","R$ 439.372.136,60","R$ 180.011.985,40","R$ 863.910.806,70","R$ 56.600.856,74","R$ 5.773.550,82","R$ 458.066.055,40","R$ 4.818.451,99","R$ 100.412.302,20","R$ 6.123.800.811,00","R$ 6.015.889.911,00","R$ 102.688.927,50","R$ 1.984.609,96","R$ 0,00"
2020,De 60 a 80,"R$ 4.785.463,63","R$ 3.998.784,86","R$ 478.259.979,70","R$ 1.217.110.055,00","R$ 33.864.465,08","R$ 20.826.074,42","R$ 157.198.359,40","R$ 1.354.870,55","R$ 20.797.164.400,00","R$ 184.736.610,30","R$ 1.079.045.499,00","R$ 1.228.651.691,00","R$ 6.534.168.136,00","R$ 5.022.319.988,00","R$ 2.496.180,93","R$ 231.122.095,00","R$ 153.718.718,10","R$ 576.993.721,20","R$ 21.921.679,21","R$ 2.562.498,43","R$ 107.970.271,40","R$ 2.198.649,60","R$ 50.749.659,43","R$ 3.429.987.015,00","R$ 3.566.784.394,00","R$ 51.391.807,28","R$ 822.246,56","R$ 0,00"
2020,De 80 a 160,"R$ 3.718.811,14","R$ 6.097.637,99","R$ 967.495.838,90","R$ 1.650.563.340,00","R$ 49.459.435,89","R$ 16.579.376,37","R$ 252.529.835,00","R$ 3.647.913,58","R$ 46.178.995.970,00","R$ 254.269.020,90","R$ 718.236.660,70","R$ 2.465.181.195,00","R$ 8.748.296.277,00","R$ 11.481.822.530,00","R$ 3.133.824,82","R$ 67.920.881,97","R$ 563.281.402,60","R$ 1.307.981.807,00","R$ 28.913.260,91","R$ 4.291.285,75","R$ 113.134.259,80","R$ 3.517.438,82","R$ 46.471.298,14","R$ 6.637.721.632,00","R$ 7.904.337.010,00","R$ 123.542.809,30","R$ 1.491.422,96","R$ 0,00"
2020,De 160 a 240,"R$ 3.922.125,82","R$ 329.595,10","R$ 487.819.069,90","R$ 454.504.821,50","R$ 25.722.651,96","R$ 1.506.600,56","R$ 85.729.572,47","R$ 40.842,43","R$ 25.904.949.580,00","R$ 77.328.177,89","R$ 184.874.848,50","R$ 1.295.413.023,00","R$ 2.341.166.222,00","R$ 6.046.289.898,00","R$ 881.751,18","R$ 4.803.225,38","R$ 475.730.357,20","R$ 648.555.646,20","R$ 7.679.924,93","R$ 695.169,29","R$ 27.733.948,83","R$ 117.277,32","R$ 12.110.079,26","R$ 3.394.950.325,00","R$ 3.778.235.856,00","R$ 55.477.818,27","R$ 0,00","R$ 0,00"
2020,De 240 a 320,"R$ 4.280.451,00","R$ 204.626,78","R$ 313.802.209,80","R$ 218.509.191,30","R$ 11.537.260,19","R$ 9.881.884,38","R$ 72.392.872,99","R$ 77.306,32","R$ 18.165.500.020,00","R$ 37.360.969,34","R$ 75.082.933,64","R$ 916.604.964,20","R$ 1.074.723.824,00","R$ 4.377.151.176,00","R$ 1,40","R$ 720.027,19","R$ 455.243.596,10","R$ 437.321.294,30","R$ 4.489.839,75","R$ 377.464,47","R$ 10.563.245,84","R$ 0,00","R$ 4.701.655,26","R$ 2.391.567.407,00","R$ 2.392.392.047,00","R$ 37.051.272,47","R$ 1.594.452,80","R$ 0,00"
2020,Mais de 320,"R$ 390.616,80","R$ 166.489,38","R$ 1.533.823.054,00","R$ 391.448.267,40","R$ 163.313.066,90","R$ 10.927.911,81","R$ 613.355.775,40","R$ 24.309,28","R$ 131.726.051.900,00","R$ 80.802.844,00","R$ 566.570.315,10","R$ 7.483.704.568,00","R$ 2.692.272.461,00","R$ 45.635.736.880,00","R$ 0,00","R$ 3.368.916,81","R$ 15.880.733.010,00","R$ 4.652.236.789,00","R$ 7.421.953,80","R$ 753.683,23","R$ 37.708.106,33","R$ 285.945,79","R$ 32.871.975,38","R$ 17.175.340.280,00","R$ 10.918.087.340,00","R$ 368.517.989,40","R$ 0,00","R$ 0,00"
2019,Até 1/2,"R$ 41.826.658,43","R$ 11.745.060,57","R$ 7.501.463,85","R$ 1.109.652.386,00","R$ 0,00","R$ 466.807,05","R$ 610.592,67","R$ 316.222,16","R$ 453.180.111,10","R$ 209.616.742,20","R$ 54.821.348,42","R$ 2.788.448.454,00","R$ 368.402.062,40","R$ 12.806.370,05","R$ 680.763,63","R$ 97.091,79","R$ 2.459.636,27","R$ 448.441,69","R$ 45.563.984,39","R$ 1.260.733,38","R$ 1.434.405,45","R$ 9.562.162,88","R$ 334.059.329,20","R$ 6.536.877.621,00","R$ 40.367.183,08","R$ 3.252.502,84","R$ 0,00","R$ 0,00"
2019,De 1/2 a 1,"R$ 95.515.841,37","R$ 30.421.088,65","R$ 20.835.786,89","R$ 1.884.225.184,00","R$ 0,00","R$ 1.772.950,22","R$ 900.936,76","R$ 594.301,95","R$ 658.370.273,10","R$ 827.445.187,00","R$ 246.444.765,20","R$ 1.774.794.115,00","R$ 991.424.006,30","R$ 70.859.421,10","R$ 955.551,73","R$ 127.087,25","R$ 2.741.173,87","R$ 1.837.014,33","R$ 47.589.150,28","R$ 2.060.747,30","R$ 6.240.358,29","R$ 53.780.942,19","R$ 198.140.898,10","R$ 7.384.899.207,00","R$ 138.672.154,20","R$ 7.344.918,81","R$ 0,00","R$ 0,00"
2019,De 1 a 2,"R$ 277.247.194,50","R$ 56.971.660,67","R$ 85.218.664,87","R$ 3.023.280.410,00","R$ 0,00","R$ 7.441.237,32","R$ 2.756.980,03","R$ 1.583.422,13","R$ 2.049.973.369,00","R$ 11.118.714.560,00","R$ 1.509.737.374,00","R$ 2.529.964.753,00","R$ 3.717.038.493,00","R$ 380.458.658,50","R$ 2.167.911,71","R$ 676.573,62","R$ 6.046.917,12","R$ 10.830.221,66","R$ 86.454.081,84","R$ 5.789.148,49","R$ 36.205.187,84","R$ 237.555.529,60","R$ 238.497.075,70","R$ 9.499.582.325,00","R$ 621.739.406,20","R$ 18.667.125,84","R$ 0,00","R$ 0,00"
2019,De 2 a 3,"R$ 349.913.588,90","R$ 198.665.298,20","R$ 142.237.162,80","R$ 2.332.910.227,00","R$ 0,00","R$ 13.736.890,27","R$ 5.514.740,59","R$ 1.179.995,06","R$ 2.658.235.522,00","R$ 48.901.788.810,00","R$ 2.476.302.766,00","R$ 3.275.668.275,00","R$ 4.881.073.739,00","R$ 758.965.202,40","R$ 2.879.763,88","R$ 1.552.894,22","R$ 6.607.578,51","R$ 19.709.530,97","R$ 69.315.394,53","R$ 4.360.971,31","R$ 86.880.402,12","R$ 159.927.377,80","R$ 224.648.251,20","R$ 6.829.996.507,00","R$ 1.105.503.430,00","R$ 19.504.016,11","R$ 0,00","R$ 0,00"
2019,De 3 a 5,"R$ 496.448.247,00","R$ 439.068.729,00","R$ 318.775.951,60","R$ 3.620.725.263,00","R$ 0,00","R$ 42.326.052,95","R$ 16.796.577,42","R$ 1.383.847,47","R$ 5.497.383.248,00","R$ 7.974.707.976,00","R$ 4.809.095.086,00","R$ 3.917.222.828,00","R$ 8.464.611.891,00","R$ 2.322.902.522,00","R$ 6.107.008,12","R$ 4.410.824,46","R$ 14.297.594,47","R$ 62.866.443,52","R$ 104.375.453,50","R$ 8.519.030,75","R$ 324.573.304,20","R$ 134.181.935,80","R$ 215.858.483,40","R$ 8.436.415.733,00","R$ 3.176.575.779,00","R$ 44.210.091,06","R$ 0,00","R$ 0,00"
2019,De 5 a 7,"R$ 289.814.532,70","R$ 158.737.411,40","R$ 290.754.213,50","R$ 2.699.747.407,00","R$ 0,00","R$ 61.817.029,19","R$ 25.648.615,78","R$ 780.822,85","R$ 6.521.608.408,00","R$ 2.365.203.800,00","R$ 4.155.558.471,00","R$ 2.355.222.661,00","R$ 9.221.076.116,00","R$ 3.298.463.249,00","R$ 4.313.114,68","R$ 4.998.080,95","R$ 15.053.528,28","R$ 87.579.225,86","R$ 78.736.470,77","R$ 7.437.897,82","R$ 498.635.895,50","R$ 42.456.005,50","R$ 105.433.781,30","R$ 5.202.825.700,00","R$ 3.706.667.936,00","R$ 41.712.010,73","R$ 0,00","R$ 0,00"
2019,De 7 a 10,"R$ 263.086.032,80","R$ 152.153.947,90","R$ 368.182.698,00","R$ 3.179.796.414,00","R$ 0,00","R$ 115.967.936,00","R$ 47.504.894,67","R$ 674.847,54","R$ 9.531.146.263,00","R$ 1.787.074.275,00","R$ 5.166.858.921,00","R$ 2.363.263.327,00","R$ 10.468.193.050,00","R$ 2.839.686.822,00","R$ 5.393.712,34","R$ 12.605.515,30","R$ 24.290.284,75","R$ 140.157.058,30","R$ 85.154.866,38","R$ 10.188.290,12","R$ 837.239.733,10","R$ 22.235.481,81","R$ 93.057.344,47","R$ 5.707.044.312,00","R$ 5.664.318.538,00","R$ 56.068.233,05","R$ 0,00","R$ 0,00"
2019,De 10 a 15,"R$ 219.457.601,40","R$ 210.086.409,30","R$ 472.050.890,70","R$ 3.907.527.672,00","R$ 0,00","R$ 219.713.558,10","R$ 114.474.765,20","R$ 803.244,21","R$ 16.056.092.940,00","R$ 1.578.772.083,00","R$ 9.102.364.807,00","R$ 2.613.143.419,00","R$ 14.833.060.350,00","R$ 4.122.563.416,00","R$ 6.308.259,64","R$ 19.369.345,81","R$ 44.444.086,42","R$ 257.073.549,00","R$ 90.002.505,94","R$ 17.061.594,22","R$ 1.272.916.592,00","R$ 16.553.484,42","R$ 94.119.274,64","R$ 7.244.964.783,00","R$ 5.711.099.527,00","R$ 79.482.819,81","R$ 0,00","R$ 0,00"
2019,De 15 a 20,"R$ 87.417.566,05","R$ 54.005.130,08","R$ 408.075.699,60","R$ 2.943.421.918,00","R$ 0,00","R$ 216.642.382,00","R$ 112.199.758,30","R$ 581.659,07","R$ 15.086.049.550,00","R$ 884.051.245,70","R$ 7.698.127.541,00","R$ 1.855.040.413,00","R$ 11.528.624.140,00","R$ 3.490.147.159,00","R$ 4.474.629,02","R$ 42.618.657,36","R$ 49.754.608,69","R$ 279.198.903,20","R$ 69.654.011,86","R$ 14.066.264,56","R$ 998.348.718,50","R$ 7.268.106,65","R$ 68.785.393,85","R$ 4.888.361.562,00","R$ 3.571.906.891,00","R$ 65.933.034,07","R$ 0,00","R$ 0,00"
2019,De 20 a 30,"R$ 48.316.651,92","R$ 25.286.342,15","R$ 609.778.893,00","R$ 4.031.692.268,00","R$ 0,00","R$ 333.825.256,30","R$ 183.700.369,00","R$ 654.672,77","R$ 26.670.389.240,00","R$ 917.355.055,40","R$ 12.151.412.550,00","R$ 2.497.698.937,00","R$ 16.435.577.310,00","R$ 5.693.866.719,00","R$ 7.514.703,96","R$ 256.787.400,40","R$ 83.368.811,19","R$ 531.162.060,90","R$ 75.608.915,33","R$ 14.397.973,90","R$ 1.151.041.447,00","R$ 6.272.096,20","R$ 103.315.465,10","R$ 6.218.577.963,00","R$ 4.512.098.761,00","R$ 89.696.828,87","R$ 0,00","R$ 0,00"
2019,De 30 a 40,"R$ 17.255.694,29","R$ 6.898.821,82","R$ 406.017.313,30","R$ 2.413.876.349,00","R$ 0,00","R$ 219.000.099,10","R$ 128.411.232,80","R$ 940.886,12","R$ 18.378.991.990,00","R$ 439.190.926,20","R$ 7.179.088.260,00","R$ 1.525.678.579,00","R$ 8.777.553.238,00","R$ 3.932.449.647,00","R$ 4.290.148,73","R$ 214.941.644,50","R$ 79.699.411,38","R$ 420.785.719,20","R$ 35.423.802,54","R$ 5.003.468,80","R$ 377.490.071,70","R$ 2.894.228,94","R$ 69.535.167,08","R$ 3.506.508.378,00","R$ 2.602.080.492,00","R$ 70.915.822,68","R$ 0,00","R$ 0,00"
2019,De 40 a 60,"R$ 17.787.632,46","R$ 5.363.056,61","R$ 686.446.238,70","R$ 3.306.223.703,00","R$ 0,00","R$ 71.923.777,85","R$ 186.471.968,10","R$ 1.033.834,55","R$ 30.720.264.980,00","R$ 439.439.899,80","R$ 5.012.848.403,00","R$ 2.288.716.190,00","R$ 11.733.195.080,00","R$ 6.813.899.925,00","R$ 6.435.557,25","R$ 303.667.901,10","R$ 200.352.398,90","R$ 775.171.657,50","R$ 46.741.455,72","R$ 6.690.105,43","R$ 362.061.207,20","R$ 2.578.952,59","R$ 115.392.634,30","R$ 4.926.001.928,00","R$ 3.878.950.660,00","R$ 117.817.755,40","R$ 0,00","R$ 0,00"
2019,De 60 a 80,"R$ 8.534.471,19","R$ 1.570.490,30","R$ 428.067.048,00","R$ 1.515.498.270,00","R$ 0,00","R$ 17.073.394,87","R$ 100.446.852,30","R$ 843.995,45","R$ 19.649.823.750,00","R$ 179.546.171,80","R$ 1.184.152.645,00","R$ 1.397.051.267,00","R$ 5.878.250.846,00","R$ 4.367.721.625,00","R$ 700.859,99","R$ 104.014.929,00","R$ 176.065.898,90","R$ 510.696.989,20","R$ 22.508.897,69","R$ 1.675.160,96","R$ 104.605.323,10","R$ 1.694.150,19","R$ 50.399.277,92","R$ 2.718.344.060,00","R$ 2.335.520.356,00","R$ 78.765.024,09","R$ 0,00","R$ 0,00"
2019,De 80 a 160,"R$ 8.395.260,17","R$ 5.466.233,02","R$ 800.162.188,50","R$ 1.949.897.931,00","R$ 0,00","R$ 16.721.602,79","R$ 181.158.307,90","R$ 332.416,00","R$ 44.707.901.150,00","R$ 237.115.947,00","R$ 737.639.798,60","R$ 2.895.863.356,00","R$ 8.243.166.280,00","R$ 10.197.536.070,00","R$ 4.458.886,04","R$ 16.178.853,29","R$ 575.759.088,70","R$ 1.333.886.214,00","R$ 28.395.510,28","R$ 2.876.003,67","R$ 103.704.567,70","R$ 3.521.191,09","R$ 52.967.915,32","R$ 4.667.476.493,00","R$ 5.130.563.217,00","R$ 197.715.755,30","R$ 0,00","R$ 0,00"
2019,De 160 a 240,"R$ 2.226.122,14","R$ 385.948,83","R$ 384.688.639,60","R$ 505.305.362,10","R$ 0,00","R$ 5.480.901,30","R$ 66.747.482,24","R$ 826.706,25","R$ 24.098.221.380,00","R$ 72.890.585,29","R$ 217.952.163,80","R$ 1.667.148.982,00","R$ 2.221.168.071,00","R$ 5.361.762.606,00","R$ 250,56","R$ 2.146.454,59","R$ 441.244.466,30","R$ 745.440.176,20","R$ 8.183.470,40","R$ 659.824,12","R$ 23.747.442,08","R$ 2.354.701,79","R$ 13.838.091,97","R$ 2.302.514.686,00","R$ 2.348.942.233,00","R$ 95.168.483,26","R$ 0,00","R$ 0,00"
2019,De 240 a 320,"R$ 176.147,92","R$ 3.209.462,57","R$ 227.751.459,20","R$ 210.302.983,00","R$ 0,00","R$ 4.173.203,00","R$ 67.354.426,30","R$ 8.542,83","R$ 16.598.892.870,00","R$ 34.768.332,60","R$ 80.792.541,84","R$ 1.124.142.620,00","R$ 834.202.446,00","R$ 3.900.871.091,00","R$ 0,00","R$ 676.840,58","R$ 411.088.168,80","R$ 493.560.870,00","R$ 4.720.091,37","R$ 222.760,15","R$ 8.907.103,06","R$ 0,00","R$ 8.823.933,69","R$ 1.464.710.509,00","R$ 1.555.448.904,00","R$ 72.068.961,71","R$ 0,00","R$ 0,00"
2019,Mais de 320,"R$ 13.029.926,68","R$ 257.563,51","R$ 1.256.163.237,00","R$ 426.502.785,60","R$ 0,00","R$ 850.985,78","R$ 438.980.667,40","R$ 9.116,52","R$ 119.532.981.100,00","R$ 74.720.267,22","R$ 331.417.185,70","R$ 9.073.959.664,00","R$ 1.908.657.390,00","R$ 68.103.275.360,00","R$ 7.029,78","R$ 125.358,53","R$ 16.046.239.940,00","R$ 3.955.825.355,00","R$ 8.041.959,39","R$ 967.520,03","R$ 11.363.423,12","R$ 167.810,00","R$ 34.320.140,32","R$ 10.708.367.760,00","R$ 8.352.221.451,00","R$ 697.970.058,10","R$ 0,00","R$ 0,00"
2018,Até 1/2,"R$ 51.877.852,85","R$ 15.248.069,64","R$ 7.220.670,98","R$ 987.949.825,30","R$ 0,00","R$ 457.533,43","R$ 472.216,74","R$ 407.224,60","R$ 345.182.279,40","R$ 170.179.065,20","R$ 54.246.846,21","R$ 2.731.830.034,00","R$ 323.255.361,70","R$ 12.121.478,05","R$ 708.585,10","R$ 63.668,81","R$ 2.701.800,64","R$ 433.539,13","R$ 15.774.109,62","R$ 770.995,63","R$ 1.483.834,88","R$ 10.041.941,44","R$ 334.290.368,70","R$ 6.399.804.215,00","R$ 37.788.858,28","R$ 2.163.675,64","R$ 0,00","R$ 0,00"
2018,De 1/2 a 1,"R$ 92.867.732,72","R$ 32.064.316,65","R$ 19.590.364,25","R$ 1.720.236.874,00","R$ 0,00","R$ 1.364.956,51","R$ 856.413,48","R$ 451.529,39","R$ 522.932.305,90","R$ 705.286.774,80","R$ 238.324.931,10","R$ 1.772.972.638,00","R$ 861.656.260,90","R$ 69.335.627,25","R$ 754.179,82","R$ 236.723,48","R$ 3.137.651,22","R$ 1.902.513,49","R$ 20.831.912,77","R$ 1.273.494,15","R$ 6.921.807,72","R$ 50.563.064,89","R$ 211.186.129,00","R$ 7.228.439.711,00","R$ 131.228.906,70","R$ 4.344.009,81","R$ 0,00","R$ 0,00"
2018,De 1 a 2,"R$ 258.553.248,80","R$ 59.002.862,99","R$ 81.598.947,78","R$ 2.842.314.354,00","R$ 0,00","R$ 6.845.358,60","R$ 2.995.877,67","R$ 1.815.414,88","R$ 1.714.863.054,00","R$ 9.217.999.639,00","R$ 1.444.414.727,00","R$ 2.589.968.968,00","R$ 3.231.166.180,00","R$ 377.856.199,00","R$ 2.447.341,76","R$ 561.643,18","R$ 6.260.103,08","R$ 10.230.770,13","R$ 42.250.940,71","R$ 3.411.863,51","R$ 37.244.223,45","R$ 261.364.589,90","R$ 240.941.309,00","R$ 9.217.740.196,00","R$ 594.049.341,00","R$ 11.544.273,95","R$ 0,00","R$ 0,00"
2018,De 2 a 3,"R$ 352.710.920,40","R$ 223.277.352,10","R$ 140.323.229,20","R$ 2.179.551.314,00","R$ 0,00","R$ 14.538.562,94","R$ 4.930.952,66","R$ 953.951,13","R$ 2.224.188.510,00","R$ 46.458.058.180,00","R$ 2.445.484.012,00","R$ 3.239.237.508,00","R$ 4.096.980.003,00","R$ 701.419.703,30","R$ 3.035.900,42","R$ 2.080.324,52","R$ 6.455.024,61","R$ 19.637.153,80","R$ 35.455.487,07","R$ 3.502.090,98","R$ 85.380.917,51","R$ 174.617.377,50","R$ 210.980.902,00","R$ 6.263.248.496,00","R$ 1.055.849.377,00","R$ 13.451.577,55","R$ 0,00","R$ 0,00"
2018,De 3 a 5,"R$ 461.593.002,80","R$ 468.883.639,10","R$ 326.223.577,20","R$ 3.385.191.268,00","R$ 0,00","R$ 45.592.580,33","R$ 17.789.823,62","R$ 1.217.727,17","R$ 5.044.196.789,00","R$ 7.968.795.218,00","R$ 4.654.338.732,00","R$ 4.370.531.461,00","R$ 7.763.755.628,00","R$ 2.307.889.882,00","R$ 6.440.498,75","R$ 4.670.433,09","R$ 17.493.703,86","R$ 65.102.255,72","R$ 58.299.058,65","R$ 6.271.055,30","R$ 341.684.819,50","R$ 153.008.154,70","R$ 204.597.208,60","R$ 8.056.058.013,00","R$ 3.078.573.103,00","R$ 29.727.054,14","R$ 0,00","R$ 0,00"
2018,De 5 a 7,"R$ 278.509.863,50","R$ 140.565.734,80","R$ 288.578.539,50","R$ 2.487.610.568,00","R$ 0,00","R$ 66.192.242,95","R$ 28.181.309,34","R$ 922.929,21","R$ 5.729.699.493,00","R$ 2.413.682.041,00","R$ 3.982.316.392,00","R$ 2.845.617.490,00","R$ 7.794.080.648,00","R$ 2.988.120.443,00","R$ 5.426.377,54","R$ 6.453.492,93","R$ 18.523.614,24","R$ 83.554.310,02","R$ 45.776.411,72","R$ 6.336.545,29","R$ 498.868.162,90","R$ 52.657.128,83","R$ 101.236.994,50","R$ 5.085.178.737,00","R$ 3.692.760.802,00","R$ 28.632.489,70","R$ 0,00","R$ 0,00"
2018,De 7 a 10,"R$ 252.984.896,00","R$ 115.884.790,20","R$ 355.977.536,90","R$ 2.759.608.785,00","R$ 0,00","R$ 122.878.921,50","R$ 51.287.768,61","R$ 809.455,35","R$ 8.570.087.947,00","R$ 1.794.925.622,00","R$ 4.886.152.726,00","R$ 3.003.258.340,00","R$ 9.278.616.129,00","R$ 2.666.596.728,00","R$ 6.528.270,50","R$ 15.579.549,51","R$ 34.503.767,68","R$ 139.078.361,40","R$ 50.840.537,92","R$ 7.064.321,50","R$ 847.912.899,00","R$ 23.528.807,04","R$ 92.307.899,28","R$ 5.455.662.058,00","R$ 5.809.636.965,00","R$ 37.128.346,85","R$ 0,00","R$ 0,00"
2018,De 10 a 15,"R$ 210.150.068,00","R$ 210.482.585,30","R$ 469.696.359,30","R$ 3.343.776.374,00","R$ 0,00","R$ 237.842.086,50","R$ 115.428.477,00","R$ 1.249.750,38","R$ 14.455.293.740,00","R$ 1.591.250.306,00","R$ 8.601.542.239,00","R$ 3.362.144.197,00","R$ 12.652.966.010,00","R$ 3.800.412.434,00","R$ 8.081.756,36","R$ 22.061.322,38","R$ 46.911.575,80","R$ 248.697.433,30","R$ 59.359.799,23","R$ 10.434.431,47","R$ 1.274.337.071,00","R$ 15.967.866,16","R$ 91.202.551,30","R$ 6.943.377.673,00","R$ 5.939.435.879,00","R$ 53.935.654,96","R$ 0,00","R$ 0,00"
2018,De 15 a 20,"R$ 76.152.224,40","R$ 52.292.498,70","R$ 367.884.997,10","R$ 2.402.450.525,00","R$ 0,00","R$ 229.725.563,30","R$ 121.828.913,50","R$ 843.565,91","R$ 13.746.120.780,00","R$ 883.394.849,30","R$ 7.167.044.897,00","R$ 2.367.648.751,00","R$ 9.773.891.209,00","R$ 3.153.142.474,00","R$ 3.246.035,85","R$ 53.435.776,78","R$ 49.978.933,93","R$ 266.460.585,60","R$ 45.739.161,80","R$ 9.104.371,79","R$ 964.795.993,70","R$ 8.060.050,62","R$ 62.978.983,29","R$ 4.766.491.236,00","R$ 3.684.279.119,00","R$ 44.327.279,24","R$ 0,00","R$ 0,00"
2018,De 20 a 30,"R$ 48.567.583,78","R$ 23.068.133,82","R$ 565.264.727,30","R$ 3.153.894.396,00","R$ 0,00","R$ 365.926.563,00","R$ 214.974.765,60","R$ 996.189,11","R$ 23.352.907.270,00","R$ 915.698.017,70","R$ 11.427.769.580,00","R$ 3.196.407.398,00","R$ 13.437.599.010,00","R$ 5.255.227.992,00","R$ 6.821.023,34","R$ 279.339.584,40","R$ 107.797.551,30","R$ 500.329.278,10","R$ 55.201.721,68","R$ 12.065.919,53","R$ 1.197.257.647,00","R$ 7.523.915,74","R$ 94.383.562,03","R$ 6.004.937.826,00","R$ 4.599.038.354,00","R$ 81.025.003,26","R$ 0,00","R$ 0,00"
2018,De 30 a 40,"R$ 18.004.725,44","R$ 9.385.268,35","R$ 408.791.918,70","R$ 1.985.962.571,00","R$ 0,00","R$ 254.826.474,80","R$ 154.760.705,20","R$ 1.020.318,54","R$ 18.736.841.180,00","R$ 469.223.199,90","R$ 8.122.199.280,00","R$ 2.114.045.322,00","R$ 8.642.875.962,00","R$ 4.136.762.903,00","R$ 5.513.942,51","R$ 206.319.362,20","R$ 98.023.115,09","R$ 421.276.192,90","R$ 28.253.338,84","R$ 4.362.313,45","R$ 433.369.165,30","R$ 4.060.084,20","R$ 73.187.451,55","R$ 3.680.889.008,00","R$ 2.868.110.585,00","R$ 56.062.996,37","R$ 0,00","R$ 0,00"
2018,De 40 a 60,"R$ 15.728.910,75","R$ 7.283.676,68","R$ 582.749.942,90","R$ 2.075.495.503,00","R$ 0,00","R$ 72.382.966,58","R$ 188.632.298,30","R$ 1.878.289,39","R$ 26.205.869.330,00","R$ 396.070.332,10","R$ 3.775.447.629,00","R$ 2.813.205.140,00","R$ 9.214.235.413,00","R$ 6.161.352.562,00","R$ 6.873.782,88","R$ 260.030.503,40","R$ 210.248.724,90","R$ 697.411.416,20","R$ 29.400.113,45","R$ 5.175.712,80","R$ 321.351.161,00","R$ 2.017.044,41","R$ 90.566.788,69","R$ 4.320.337.609,00","R$ 3.730.222.124,00","R$ 85.825.319,46","R$ 0,00","R$ 0,00"
2018,De 60 a 80,"R$ 3.601.559,88","R$ 4.443.908,27","R$ 378.319.523,80","R$ 1.043.975.389,00","R$ 0,00","R$ 25.149.149,09","R$ 112.232.636,10","R$ 393.826,57","R$ 17.802.913.900,00","R$ 176.018.578,40","R$ 1.090.850.524,00","R$ 1.750.568.341,00","R$ 4.986.273.901,00","R$ 4.293.389.237,00","R$ 2.146.499,28","R$ 70.234.950,49","R$ 208.319.554,30","R$ 551.024.106,10","R$ 14.980.480,61","R$ 2.112.141,11","R$ 101.427.746,60","R$ 811.073,86","R$ 48.540.745,70","R$ 2.540.888.662,00","R$ 2.339.194.657,00","R$ 75.343.523,04","R$ 0,00","R$ 0,00"
2018,De 80 a 160,"R$ 8.437.328,39","R$ 1.947.365,52","R$ 738.289.087,80","R$ 1.528.892.760,00","R$ 0,00","R$ 15.697.208,51","R$ 166.146.843,40","R$ 1.778.110,03","R$ 39.875.898.040,00","R$ 230.196.255,60","R$ 699.625.175,80","R$ 3.737.988.730,00","R$ 6.927.333.222,00","R$ 9.985.428.822,00","R$ 8.539.084,43","R$ 16.969.275,67","R$ 631.480.925,00","R$ 1.202.304.940,00","R$ 20.916.520,33","R$ 1.719.430,74","R$ 102.253.597,80","R$ 1.487.172,00","R$ 45.736.114,34","R$ 4.454.679.837,00","R$ 4.816.454.037,00","R$ 164.959.893,30","R$ 0,00","R$ 0,00"
2018,De 160 a 240,"R$ 3.590.734,73","R$ 192.229,09","R$ 372.788.874,20","R$ 425.683.442,00","R$ 0,00","R$ 3.746.388,28","R$ 49.003.352,86","R$ 2.968.881,66","R$ 21.572.984.720,00","R$ 71.466.767,20","R$ 181.657.527,60","R$ 1.996.810.415,00","R$ 1.883.710.535,00","R$ 5.329.921.406,00","R$ 1.195.530,95","R$ 1.666.494,62","R$ 468.354.706,30","R$ 739.986.066,00","R$ 6.511.233,72","R$ 570.357,82","R$ 8.883.448,03","R$ 119.078,40","R$ 10.563.359,36","R$ 2.080.156.500,00","R$ 2.207.996.856,00","R$ 103.751.187,50","R$ 0,00","R$ 0,00"
2018,De 240 a 320,"R$ 247.178,40","R$ 40.528.399,16","R$ 244.167.525,90","R$ 189.311.779,70","R$ 0,00","R$ 4.204.103,94","R$ 40.997.001,68","R$ 746.154,88","R$ 14.293.507.000,00","R$ 33.117.254,84","R$ 116.793.737,00","R$ 1.344.716.147,00","R$ 732.468.692,50","R$ 3.497.206.882,00","R$ 3.381.189,18","R$ 1.298.293,36","R$ 510.980.071,00","R$ 455.999.915,40","R$ 3.531.400,92","R$ 85.652,76","R$ 7.358.065,86","R$ 0,00","R$ 5.171.344,29","R$ 1.447.750.134,00","R$ 1.351.142.433,00","R$ 93.418.548,99","R$ 0,00","R$ 0,00"
2018,Mais de 320,"R$ 293.027,53","R$ 280.276,63","R$ 867.061.721,30","R$ 370.458.310,80","R$ 0,00","R$ 1.327.559,25","R$ 1.429.484.026,00","R$ 50.502,23","R$ 108.693.742.100,00","R$ 73.419.955,92","R$ 835.329.463,50","R$ 12.279.681.150,00","R$ 1.033.921.506,00","R$ 40.283.623.930,00","R$ 382.056,17","R$ 936.379,38","R$ 16.737.885.230,00","R$ 5.511.640.927,00","R$ 6.871.245,05","R$ 1.509.845,25","R$ 15.132.889,97","R$ 133.840,00","R$ 111.660.001,30","R$ 10.846.599.270,00","R$ 5.736.981.626,00","R$ 468.829.797,00","R$ 0,00","R$ 0,00"
2017,Até 1/2,"R$ 44.218.427,96","R$ 14.018.997,85","R$ 6.862.090,17","R$ 913.092.536,70","R$ 0,00","R$ 369.556,60","R$ 542.702,94","R$ 313.533,69","R$ 285.642.076,00","R$ 102.531.942,10","R$ 52.971.250,23","R$ 2.824.748.817,00","R$ 322.212.889,50","R$ 11.071.791,44","R$ 834.695,74","R$ 84.593,70","R$ 1.941.097,65","R$ 452.515,05","R$ 10.087.251,15","R$ 653.411,56","R$ 1.839.382,20","R$ 9.663.368,87","R$ 319.692.038,50","R$ 5.797.388.273,00","R$ 38.224.049,11","R$ 1.948.640,90","R$ 0,00","R$ 0,00"
2017,De 1/2 a 1,"R$ 94.006.353,51","R$ 31.568.830,48","R$ 18.494.632,05","R$ 1.675.619.134,00","R$ 0,00","R$ 1.575.434,30","R$ 840.503,55","R$ 432.322,78","R$ 436.434.958,00","R$ 579.673.565,30","R$ 228.091.368,40","R$ 2.063.904.633,00","R$ 759.202.407,20","R$ 64.085.848,53","R$ 1.155.492,50","R$ 178.390,17","R$ 2.061.507,69","R$ 1.818.355,60","R$ 14.144.777,15","R$ 924.104,85","R$ 6.731.878,14","R$ 44.096.995,51","R$ 211.565.329,80","R$ 6.899.269.318,00","R$ 132.758.011,50","R$ 4.043.407,20","R$ 0,00","R$ 0,00"
2017,De 1 a 2,"R$ 275.808.052,00","R$ 74.794.299,37","R$ 80.490.551,04","R$ 3.052.776.331,00","R$ 0,00","R$ 6.435.768,31","R$ 2.909.097,74","R$ 1.326.837,92","R$ 1.496.121.885,00","R$ 6.874.633.480,00","R$ 1.343.307.542,00","R$ 3.076.125.770,00","R$ 3.030.069.262,00","R$ 364.197.261,90","R$ 2.864.061,48","R$ 832.872,84","R$ 4.616.939,26","R$ 10.100.298,70","R$ 30.956.983,18","R$ 3.772.805,16","R$ 39.493.684,85","R$ 273.285.687,90","R$ 248.134.631,50","R$ 8.492.760.282,00","R$ 585.744.703,30","R$ 11.636.037,03","R$ 0,00","R$ 0,00"
2017,De 2 a 3,"R$ 367.648.772,80","R$ 211.191.184,80","R$ 133.164.145,80","R$ 2.486.452.757,00","R$ 0,00","R$ 12.000.479,02","R$ 5.655.950,87","R$ 659.569,90","R$ 1.847.055.676,00","R$ 42.205.139.470,00","R$ 2.424.808.733,00","R$ 3.542.703.042,00","R$ 3.414.583.053,00","R$ 663.158.443,20","R$ 3.159.675,54","R$ 1.365.273,84","R$ 5.419.768,57","R$ 20.050.762,75","R$ 25.331.977,98","R$ 3.358.031,84","R$ 88.453.244,29","R$ 165.953.366,50","R$ 204.029.416,90","R$ 5.782.848.981,00","R$ 1.030.063.392,00","R$ 13.213.231,56","R$ 0,00","R$ 0,00"
2017,De 3 a 5,"R$ 560.183.684,10","R$ 618.157.450,50","R$ 301.392.909,00","R$ 3.932.477.904,00","R$ 0,00","R$ 38.849.855,19","R$ 16.509.412,02","R$ 1.121.500,63","R$ 4.546.610.601,00","R$ 7.724.076.839,00","R$ 4.538.382.924,00","R$ 5.025.397.266,00","R$ 7.063.315.004,00","R$ 2.257.480.132,00","R$ 6.751.690,68","R$ 5.006.728,03","R$ 15.023.085,99","R$ 64.479.857,89","R$ 40.878.184,23","R$ 5.150.061,58","R$ 337.948.114,80","R$ 145.814.078,40","R$ 212.964.595,40","R$ 7.717.264.686,00","R$ 2.916.424.503,00","R$ 28.040.766,52","R$ 0,00","R$ 0,00"
2017,De 5 a 7,"R$ 296.734.325,90","R$ 143.094.814,80","R$ 262.961.097,50","R$ 3.000.899.897,00","R$ 0,00","R$ 59.430.890,75","R$ 25.255.566,25","R$ 1.078.498,24","R$ 4.870.585.568,00","R$ 2.339.623.747,00","R$ 3.749.858.438,00","R$ 3.241.591.975,00","R$ 6.217.040.912,00","R$ 2.648.207.070,00","R$ 5.274.078,46","R$ 7.887.399,58","R$ 16.673.477,28","R$ 78.885.911,34","R$ 30.115.218,24","R$ 4.815.241,47","R$ 479.963.843,90","R$ 51.490.386,62","R$ 107.882.911,00","R$ 4.752.650.239,00","R$ 3.381.444.181,00","R$ 27.881.889,50","R$ 0,00","R$ 0,00"
2017,De 7 a 10,"R$ 257.633.035,30","R$ 127.075.587,20","R$ 348.114.998,90","R$ 3.483.483.863,00","R$ 0,00","R$ 114.314.230,30","R$ 48.707.644,21","R$ 512.958,63","R$ 8.244.570.295,00","R$ 1.679.071.112,00","R$ 4.625.935.470,00","R$ 3.323.772.391,00","R$ 8.430.813.616,00","R$ 2.566.036.811,00","R$ 6.368.738,93","R$ 18.333.948,87","R$ 29.225.261,51","R$ 134.712.974,00","R$ 35.215.782,04","R$ 6.719.671,93","R$ 807.075.128,40","R$ 22.720.036,74","R$ 92.656.557,25","R$ 5.108.919.703,00","R$ 5.003.874.972,00","R$ 35.094.935,01","R$ 0,00","R$ 0,00"
2017,De 10 a 15,"R$ 185.320.597,60","R$ 173.012.111,90","R$ 453.925.902,90","R$ 4.201.221.370,00","R$ 0,00","R$ 202.492.042,80","R$ 102.682.310,80","R$ 964.388,82","R$ 13.196.437.160,00","R$ 1.461.880.556,00","R$ 8.173.793.901,00","R$ 3.726.753.045,00","R$ 10.960.267.600,00","R$ 3.599.079.470,00","R$ 6.830.903,30","R$ 30.540.285,40","R$ 42.069.885,22","R$ 251.847.671,30","R$ 48.883.787,39","R$ 7.799.276,98","R$ 1.122.374.732,00","R$ 14.773.544,21","R$ 92.870.275,81","R$ 6.413.206.335,00","R$ 5.451.212.841,00","R$ 53.252.402,54","R$ 0,00","R$ 0,00"
2017,De 15 a 20,"R$ 68.939.565,95","R$ 41.186.680,79","R$ 360.508.010,60","R$ 3.219.098.974,00","R$ 0,00","R$ 214.255.884,90","R$ 108.155.012,90","R$ 692.420,62","R$ 12.699.355.590,00","R$ 809.528.995,60","R$ 6.572.433.460,00","R$ 2.618.476.130,00","R$ 8.505.229.638,00","R$ 2.994.462.671,00","R$ 5.066.339,81","R$ 91.193.715,80","R$ 48.320.297,70","R$ 267.608.654,60","R$ 36.227.171,82","R$ 7.125.125,92","R$ 827.104.706,10","R$ 7.032.138,17","R$ 60.775.311,43","R$ 4.324.231.938,00","R$ 3.205.144.337,00","R$ 43.785.378,87","R$ 0,00","R$ 0,00"
2017,De 20 a 30,"R$ 41.742.587,18","R$ 25.780.818,92","R$ 546.887.859,70","R$ 4.920.475.392,00","R$ 0,00","R$ 338.445.714,50","R$ 203.143.072,60","R$ 659.659,71","R$ 21.438.127.470,00","R$ 838.138.410,40","R$ 10.870.493.880,00","R$ 3.513.387.206,00","R$ 11.669.405.410,00","R$ 4.899.496.515,00","R$ 9.414.678,95","R$ 268.123.224,20","R$ 87.807.318,02","R$ 493.005.678,00","R$ 47.683.996,10","R$ 11.067.533,21","R$ 917.731.310,20","R$ 7.074.472,74","R$ 89.250.266,79","R$ 6.042.003.971,00","R$ 3.905.420.988,00","R$ 65.839.396,03","R$ 0,00","R$ 0,00"
2017,De 30 a 40,"R$ 18.037.557,32","R$ 10.088.406,56","R$ 409.706.758,70","R$ 3.251.861.372,00","R$ 0,00","R$ 244.043.653,20","R$ 145.706.823,40","R$ 92.444,80","R$ 16.773.656.210,00","R$ 424.465.284,40","R$ 6.953.184.123,00","R$ 2.399.667.016,00","R$ 7.222.096.320,00","R$ 3.837.726.591,00","R$ 4.749.482,09","R$ 179.296.376,70","R$ 84.381.808,85","R$ 408.921.209,00","R$ 21.301.060,80","R$ 2.463.130,18","R$ 316.831.147,40","R$ 3.584.164,86","R$ 62.349.413,95","R$ 3.805.881.480,00","R$ 2.434.491.538,00","R$ 51.349.601,46","R$ 0,00","R$ 0,00"
2017,De 40 a 60,"R$ 18.239.666,43","R$ 6.967.083,83","R$ 593.459.170,80","R$ 3.551.837.124,00","R$ 0,00","R$ 78.834.079,27","R$ 201.148.625,80","R$ 284.849,60","R$ 24.566.339.660,00","R$ 359.026.664,10","R$ 3.472.016.709,00","R$ 3.099.405.648,00","R$ 8.522.743.614,00","R$ 5.733.624.094,00","R$ 5.583.882,67","R$ 197.164.864,50","R$ 178.413.991,60","R$ 681.205.625,30","R$ 23.468.216,66","R$ 4.313.334,99","R$ 223.753.382,20","R$ 3.636.036,42","R$ 74.764.774,45","R$ 4.243.369.402,00","R$ 3.055.050.857,00","R$ 80.928.665,20","R$ 0,00","R$ 0,00"
2017,De 60 a 80,"R$ 6.930.979,95","R$ 4.081.048,36","R$ 332.723.428,20","R$ 1.880.046.729,00","R$ 0,00","R$ 17.489.576,44","R$ 115.591.142,50","R$ 105.008,35","R$ 16.661.091.660,00","R$ 163.648.344,50","R$ 1.016.996.953,00","R$ 2.062.525.147,00","R$ 4.601.981.634,00","R$ 3.909.040.704,00","R$ 1.749.733,21","R$ 22.888.039,27","R$ 183.840.553,70","R$ 516.864.113,80","R$ 11.364.589,19","R$ 1.571.443,36","R$ 77.157.112,10","R$ 880.296,45","R$ 35.450.113,05","R$ 2.378.846.974,00","R$ 1.947.865.414,00","R$ 61.250.365,30","R$ 0,00","R$ 0,00"
2017,De 80 a 160,"R$ 13.260.436,63","R$ 21.736.364,16","R$ 756.564.892,70","R$ 2.230.691.494,00","R$ 0,00","R$ 15.567.713,85","R$ 197.859.425,00","R$ 1.426.672,68","R$ 37.587.507.650,00","R$ 215.054.879,50","R$ 676.707.696,40","R$ 4.365.930.460,00","R$ 6.228.052.127,00","R$ 9.432.629.899,00","R$ 6.598.739,98","R$ 7.649.275,12","R$ 524.995.177,40","R$ 1.207.620.785,00","R$ 16.718.736,98","R$ 2.236.212,50","R$ 52.494.655,40","R$ 91.471,24","R$ 41.744.763,46","R$ 3.935.768.103,00","R$ 4.238.682.425,00","R$ 154.475.271,60","R$ 0,00","R$ 0,00"
2017,De 160 a 240,"R$ 2.928.656,48","R$ 68.673.416,74","R$ 294.139.415,40","R$ 533.604.701,00","R$ 0,00","R$ 4.538.255,30","R$ 63.342.954,15","R$ 14.000,00","R$ 20.180.016.000,00","R$ 65.218.615,91","R$ 147.769.256,30","R$ 2.335.003.461,00","R$ 1.543.700.471,00","R$ 4.981.333.504,00","R$ 225.415,72","R$ 1.373.240,62","R$ 445.675.472,40","R$ 688.173.787,90","R$ 3.931.712,76","R$ 667.349,36","R$ 9.086.646,00","R$ 2.122.361,33","R$ 12.307.706,22","R$ 1.829.299.272,00","R$ 1.883.891.321,00","R$ 80.858.526,51","R$ 0,00","R$ 0,00"
2017,De 240 a 320,"R$ 39.590.854,95","R$ 467.133.759,10","R$ 194.697.616,90","R$ 219.237.348,10","R$ 0,00","R$ 736.158,39","R$ 32.465.510,41","R$ 1.138,91","R$ 13.330.074.510,00","R$ 29.341.247,87","R$ 71.214.673,88","R$ 1.577.180.969,00","R$ 586.978.131,30","R$ 3.152.505.480,00","R$ 5.007,47","R$ 0,00","R$ 347.481.346,80","R$ 422.210.901,00","R$ 2.364.639,66","R$ 251.599,74","R$ 7.517.069,63","R$ 0,00","R$ 7.433.260,53","R$ 1.210.532.956,00","R$ 1.003.846.065,00","R$ 48.896.214,43","R$ 0,00","R$ 0,00"
2017,Mais de 320,"R$ 6.558.003,11","R$ 53.859.895,45","R$ 1.151.838.596,00","R$ 560.388.352,30","R$ 0,00","R$ 5.742.885,70","R$ 237.196.829,30","R$ 57.241,59","R$ 83.071.230.960,00","R$ 67.695.952,94","R$ 324.532.343,50","R$ 14.911.417.930,00","R$ 893.903.327,20","R$ 55.370.619.530,00","R$ 0,00","R$ 10.134.832,05","R$ 9.026.668.927,00","R$ 3.758.954.344,00","R$ 6.941.362,10","R$ 866.923,23","R$ 15.529.822,55","R$ 146.322,00","R$ 30.067.198,21","R$ 10.311.159.540,00","R$ 4.860.961.862,00","R$ 416.756.096,00","R$ 0,00","R$ 0,00"
2016,Até 1/2,"R$ 35.339.081,06","R$ 10.598.875,38","R$ 6.320.485,77","R$ 762.780.461,00","R$ 0,00","R$ 374.225,60","R$ 469.195,34","R$ 570.284,88","R$ 234.498.964,00","R$ 92.294.172,90","R$ 48.890.751,65","R$ 2.778.147.933,00","R$ 281.011.404,30","R$ 9.978.686,98","R$ 746.626,88","R$ 74.253,04","R$ 3.055.212,13","R$ 385.925,54","R$ 6.596.359,29","R$ 463.447,46","R$ 1.655.803,15","R$ 8.559.096,95","R$ 301.211.404,20","R$ 4.985.104.342,00","R$ 31.987.642,95","R$ 1.346.097,47","R$ 0,00","R$ 0,00"
2016,De 1/2 a 1,"R$ 115.287.929,30","R$ 38.522.068,20","R$ 16.560.698,71","R$ 1.460.502.340,00","R$ 0,00","R$ 1.402.309,38","R$ 1.067.492,03","R$ 674.820,95","R$ 363.212.759,10","R$ 516.038.334,90","R$ 205.794.851,80","R$ 2.225.874.007,00","R$ 674.913.616,50","R$ 57.631.061,44","R$ 993.619,57","R$ 118.909,64","R$ 3.596.961,25","R$ 1.757.265,16","R$ 10.157.946,47","R$ 849.938,74","R$ 6.360.720,86","R$ 32.775.665,07","R$ 214.232.027,40","R$ 6.764.986.539,00","R$ 113.711.738,50","R$ 2.967.000,38","R$ 0,00","R$ 0,00"
2016,De 1 a 2,"R$ 296.165.008,60","R$ 70.373.833,16","R$ 69.642.076,36","R$ 2.751.718.683,00","R$ 0,00","R$ 6.303.723,27","R$ 3.042.427,27","R$ 1.342.576,76","R$ 1.211.867.646,00","R$ 6.244.643.090,00","R$ 1.122.679.739,00","R$ 3.241.740.734,00","R$ 2.612.094.103,00","R$ 335.374.391,40","R$ 2.058.869,06","R$ 508.748,05","R$ 8.033.589,44","R$ 9.806.378,61","R$ 21.146.446,57","R$ 2.883.600,34","R$ 37.842.799,68","R$ 275.898.363,30","R$ 248.567.865,60","R$ 8.103.862.806,00","R$ 510.956.591,00","R$ 8.181.192,71","R$ 0,00","R$ 0,00"
2016,De 2 a 3,"R$ 366.985.155,20","R$ 172.555.951,50","R$ 111.747.904,70","R$ 2.173.338.862,00","R$ 0,00","R$ 12.471.830,95","R$ 5.664.300,11","R$ 720.908,35","R$ 1.599.296.825,00","R$ 39.494.225.940,00","R$ 1.814.515.019,00","R$ 3.345.428.552,00","R$ 3.035.199.286,00","R$ 601.253.001,90","R$ 3.068.629,72","R$ 1.618.034,82","R$ 9.577.654,97","R$ 16.301.925,63","R$ 16.188.466,79","R$ 2.627.972,69","R$ 81.827.530,27","R$ 171.367.659,60","R$ 187.487.450,70","R$ 5.296.754.540,00","R$ 893.178.848,10","R$ 9.843.362,61","R$ 0,00","R$ 0,00"
2016,De 3 a 5,"R$ 574.632.726,90","R$ 591.005.425,90","R$ 256.535.609,90","R$ 3.483.245.351,00","R$ 0,00","R$ 35.812.464,13","R$ 18.390.169,01","R$ 974.681,05","R$ 4.004.104.303,00","R$ 8.492.673.168,00","R$ 4.066.540.301,00","R$ 5.263.458.916,00","R$ 6.191.994.209,00","R$ 2.169.887.891,00","R$ 5.941.955,79","R$ 4.724.148,19","R$ 24.478.029,80","R$ 59.024.697,75","R$ 27.068.380,63","R$ 5.194.027,35","R$ 317.548.255,80","R$ 163.674.301,40","R$ 210.133.323,20","R$ 7.185.830.332,00","R$ 2.659.085.872,00","R$ 20.122.854,40","R$ 0,00","R$ 0,00"
2016,De 5 a 7,"R$ 304.052.078,00","R$ 126.754.677,80","R$ 230.326.978,10","R$ 2.572.493.778,00","R$ 0,00","R$ 53.950.238,34","R$ 22.175.908,42","R$ 757.521,05","R$ 4.370.238.631,00","R$ 2.543.222.714,00","R$ 3.358.418.234,00","R$ 3.298.256.652,00","R$ 5.673.547.977,00","R$ 2.302.038.615,00","R$ 5.539.399,82","R$ 8.477.352,84","R$ 27.198.940,59","R$ 71.494.657,62","R$ 18.220.527,10","R$ 4.528.856,98","R$ 454.170.742,20","R$ 66.118.354,04","R$ 103.672.763,10","R$ 4.250.181.570,00","R$ 3.234.452.950,00","R$ 20.009.204,87","R$ 0,00","R$ 0,00"
2016,De 7 a 10,"R$ 289.509.424,80","R$ 130.534.729,60","R$ 312.339.752,90","R$ 2.917.730.887,00","R$ 0,00","R$ 108.390.703,00","R$ 53.599.041,35","R$ 763.701,75","R$ 7.467.189.072,00","R$ 1.784.862.736,00","R$ 4.144.653.372,00","R$ 3.279.978.876,00","R$ 7.663.897.411,00","R$ 2.395.340.536,00","R$ 5.792.394,90","R$ 16.792.873,55","R$ 48.332.960,14","R$ 122.933.151,10","R$ 21.418.861,22","R$ 7.066.063,87","R$ 752.641.349,60","R$ 32.941.020,53","R$ 87.371.814,45","R$ 4.726.084.630,00","R$ 4.775.969.036,00","R$ 27.355.116,07","R$ 0,00","R$ 0,00"
2016,De 10 a 15,"R$ 185.927.413,80","R$ 133.757.905,00","R$ 411.184.173,10","R$ 3.699.842.936,00","R$ 0,00","R$ 198.329.708,20","R$ 107.665.313,50","R$ 1.060.335,19","R$ 12.075.406.590,00","R$ 1.491.575.421,00","R$ 7.392.401.185,00","R$ 3.577.793.582,00","R$ 9.905.776.422,00","R$ 3.320.515.109,00","R$ 7.677.267,42","R$ 22.623.834,05","R$ 67.422.672,61","R$ 213.420.304,20","R$ 29.404.897,98","R$ 9.357.298,06","R$ 1.002.772.856,00","R$ 16.347.129,25","R$ 89.527.934,03","R$ 5.613.933.051,00","R$ 5.802.135.981,00","R$ 35.570.096,53","R$ 0,00","R$ 0,00"
2016,De 15 a 20,"R$ 68.929.945,51","R$ 30.681.054,24","R$ 336.114.580,50","R$ 2.811.917.402,00","R$ 0,00","R$ 198.683.205,80","R$ 119.335.250,30","R$ 382.356,94","R$ 11.587.272.220,00","R$ 804.483.453,20","R$ 5.775.533.634,00","R$ 2.450.150.925,00","R$ 7.899.569.744,00","R$ 2.832.098.183,00","R$ 3.485.111,42","R$ 42.536.349,90","R$ 70.674.408,50","R$ 223.641.359,20","R$ 23.211.879,97","R$ 6.761.884,56","R$ 683.581.166,70","R$ 7.710.603,59","R$ 56.998.045,51","R$ 3.908.359.303,00","R$ 3.443.875.374,00","R$ 29.064.348,11","R$ 0,00","R$ 0,00"
2016,De 20 a 30,"R$ 48.880.745,54","R$ 33.748.056,69","R$ 522.899.446,00","R$ 4.486.920.253,00","R$ 0,00","R$ 332.076.060,30","R$ 200.308.584,30","R$ 346.618,50","R$ 19.721.025.990,00","R$ 863.110.363,70","R$ 10.052.381.330,00","R$ 3.252.085.165,00","R$ 10.595.924.540,00","R$ 4.631.380.099,00","R$ 7.160.295,91","R$ 278.015.885,90","R$ 133.021.512,50","R$ 427.627.982,70","R$ 32.533.072,62","R$ 9.400.518,78","R$ 735.897.759,50","R$ 7.834.596,86","R$ 80.947.423,97","R$ 5.262.083.334,00","R$ 4.128.565.107,00","R$ 48.657.447,53","R$ 0,00","R$ 0,00"
2016,De 30 a 40,"R$ 23.096.001,84","R$ 10.815.625,58","R$ 361.876.161,00","R$ 2.809.690.761,00","R$ 0,00","R$ 242.300.538,50","R$ 153.064.293,70","R$ 352.280,16","R$ 15.793.261.400,00","R$ 430.926.856,50","R$ 5.834.442.492,00","R$ 2.200.231.192,00","R$ 6.635.847.639,00","R$ 3.685.302.846,00","R$ 5.442.816,42","R$ 219.042.335,20","R$ 120.881.681,50","R$ 362.051.172,90","R$ 16.778.192,25","R$ 1.567.262,62","R$ 271.490.572,40","R$ 4.213.213,39","R$ 55.833.189,13","R$ 3.407.924.052,00","R$ 2.509.838.548,00","R$ 43.610.816,18","R$ 0,00","R$ 0,00"
2016,De 40 a 60,"R$ 20.668.275,09","R$ 14.230.097,27","R$ 534.584.270,80","R$ 3.020.818.461,00","R$ 0,00","R$ 126.313.451,30","R$ 204.526.281,00","R$ 1.195.504,23","R$ 22.914.562.470,00","R$ 383.980.115,10","R$ 3.566.696.351,00","R$ 2.780.838.084,00","R$ 7.754.265.769,00","R$ 5.567.650.479,00","R$ 6.508.260,95","R$ 259.797.797,20","R$ 223.120.835,80","R$ 572.099.098,40","R$ 17.760.375,50","R$ 1.856.309,95","R$ 188.043.358,10","R$ 3.369.122,39","R$ 67.880.976,94","R$ 4.045.568.367,00","R$ 3.149.714.307,00","R$ 52.540.017,70","R$ 0,00","R$ 0,00"
2016,De 60 a 80,"R$ 7.910.440,94","R$ 3.021.449,52","R$ 316.216.111,60","R$ 1.512.957.089,00","R$ 0,00","R$ 25.742.816,38","R$ 131.342.757,70","R$ 140.861,25","R$ 15.690.724.190,00","R$ 166.393.769,90","R$ 1.054.300.821,00","R$ 1.770.614.913,00","R$ 4.098.685.583,00","R$ 3.891.931.506,00","R$ 2.154.511,93","R$ 86.284.016,82","R$ 219.295.745,60","R$ 427.093.649,80","R$ 10.084.294,94","R$ 830.789,82","R$ 57.155.766,79","R$ 2.473.809,03","R$ 31.361.551,62","R$ 2.173.954.309,00","R$ 2.072.170.113,00","R$ 42.286.795,61","R$ 0,00","R$ 0,00"
2016,De 80 a 160,"R$ 15.435.636,10","R$ 3.854.192,02","R$ 675.233.355,60","R$ 1.933.378.172,00","R$ 0,00","R$ 17.482.439,18","R$ 194.345.638,30","R$ 2.263.121,39","R$ 35.778.512.530,00","R$ 219.906.740,60","R$ 698.932.299,60","R$ 3.868.691.835,00","R$ 5.758.248.268,00","R$ 9.189.273.184,00","R$ 1.667.947,94","R$ 14.118.967,46","R$ 720.546.412,70","R$ 1.061.590.188,00","R$ 13.959.756,05","R$ 2.183.825,08","R$ 55.170.495,02","R$ 763.890,88","R$ 37.347.475,42","R$ 3.992.635.348,00","R$ 4.112.058.364,00","R$ 93.703.299,54","R$ 0,00","R$ 0,00"
2016,De 160 a 240,"R$ 6.830.424,50","R$ 14.779.855,99","R$ 283.384.827,90","R$ 379.835.203,90","R$ 0,00","R$ 6.009.434,59","R$ 79.000.032,57","R$ 2.261.906,92","R$ 18.875.792.350,00","R$ 66.590.624,02","R$ 190.631.385,30","R$ 2.091.961.302,00","R$ 1.450.949.734,00","R$ 4.950.365.217,00","R$ 121.154,73","R$ 2.287.907,47","R$ 517.026.850,30","R$ 635.246.368,40","R$ 4.932.628,10","R$ 883.176,67","R$ 5.985.846,73","R$ 3.520,00","R$ 10.205.279,54","R$ 1.715.917.763,00","R$ 1.924.593.803,00","R$ 62.945.273,59","R$ 0,00","R$ 0,00"
2016,De 240 a 320,"R$ 9.536.217,79","R$ 9.329.965,12","R$ 143.475.190,90","R$ 218.045.179,00","R$ 0,00","R$ 1.708.535,98","R$ 43.522.122,69","R$ 1.685,00","R$ 12.802.499.780,00","R$ 31.587.008,08","R$ 86.340.154,72","R$ 1.473.168.793,00","R$ 567.780.475,10","R$ 3.107.285.699,00","R$ 69.862,03","R$ 0,00","R$ 406.779.277,50","R$ 372.311.550,70","R$ 1.943.506,88","R$ 211.376,63","R$ 1.773.990,86","R$ 0,00","R$ 6.340.256,87","R$ 1.177.511.863,00","R$ 1.298.237.042,00","R$ 31.712.481,21","R$ 0,00","R$ 0,00"
2016,Mais de 320,"R$ 37.668.659,63","R$ 260.066.527,40","R$ 1.040.878.640,00","R$ 383.870.317,10","R$ 0,00","R$ 4.074.994,00","R$ 228.583.575,70","R$ 139.557,53","R$ 86.774.003.820,00","R$ 71.307.892,17","R$ 341.032.490,70","R$ 11.586.037.650,00","R$ 669.734.199,00","R$ 37.361.909.110,00","R$ 81.258,57","R$ 126.469,89","R$ 12.769.761.590,00","R$ 3.785.980.698,00","R$ 5.402.222,41","R$ 698.561,52","R$ 16.620.783,21","R$ 44.021,80","R$ 26.229.730,14","R$ 11.193.763.640,00","R$ 6.790.129.021,00","R$ 310.386.089,20","R$ 0,00","R$ 0,00"
2015,Todas,"R$ 2.993.564.779,00","R$ 1.781.685.478,00","R$ 4.813.671.525,00","R$ 31.322.387.470,00","R$ 35.180.906.580,00","R$ 0,00","R$ 0,00","R$ 0,00","R$ 258.620.326.600,00","R$ 56.673.574.460,00","R$ 41.869.369.570,00","R$ 41.578.335.570,00","R$ 75.360.482.000,00","R$ 88.665.478.240,00","R$ 63.032.082,77","R$ 900.945.712,70","R$ 27.499.586.430,00","R$ 8.611.348.256,00","R$ 273.197.525,70","R$ 57.265.388,13","R$ 4.386.940.512,00","R$ 804.836.622,70","R$ 2.019.747.913,00","R$ 83.136.259.460,00","R$ 42.196.073.740,00","R$ 394.673.229,70","R$ 0,00","R$ 2.655.447,25"
2014,Todas,"R$ 1.789.809.021,00","R$ 1.322.227.409,00","R$ 4.338.861.798,00","R$ 26.347.458.690,00","R$ 42.404.083.990,00","R$ 0,00","R$ 0,00","R$ 0,00","R$ 256.163.716.500,00","R$ 48.727.243.780,00","R$ 37.892.073.250,00","R$ 29.732.318.540,00","R$ 64.066.637.740,00","R$ 62.778.135.580,00","R$ 53.586.160,22","R$ 545.186.956,70","R$ 41.279.600.360,00","R$ 7.577.338.888,00","R$ 221.876.071,00","R$ 28.826.243,90","R$ 4.247.283.506,00","R$ 808.169.656,10","R$ 1.820.254.918,00","R$ 66.473.403.500,00","R$ 37.353.589.230,00","R$ 389.426.975,80","R$ 0,00","R$ 1.761.457,24"
2013,Todas,"R$ 2.263.775.790,00","R$ 744.325.459,40","R$ 3.752.602.338,00","R$ 23.208.259.740,00","R$ 44.129.219.010,00","R$ 0,00","R$ 0,00","R$ 0,00","R$ 231.302.356.100,00","R$ 42.929.660.750,00","R$ 33.554.232.600,00","R$ 20.686.583.710,00","R$ 55.989.124.190,00","R$ 51.410.205.550,00","R$ 57.089.162,31","R$ 602.255.090,30","R$ 15.941.260.210,00","R$ 8.031.229.039,00","R$ 331.927.353,10","R$ 54.136.264,68","R$ 3.397.697.868,00","R$ 718.946.518,00","R$ 1.608.951.468,00","R$ 58.118.976.760,00","R$ 33.046.565.970,00","R$ 289.671.559,50","R$ 0,00","R$ 2.209.184,52"
2012,Todas,"R$ 1.795.106.593,00","R$ 395.529.197,80","R$ 3.143.307.141,00","R$ 19.309.456.270,00","R$ 38.898.831.830,00","R$ 0,00","R$ 0,00","R$ 0,00","R$ 208.521.934.600,00","R$ 37.145.637.070,00","R$ 30.974.751.750,00","R$ 17.146.772.580,00","R$ 47.012.271.110,00","R$ 47.969.693.650,00","R$ 56.875.613,86","R$ 534.085.218,00","R$ 15.003.760.750,00","R$ 6.545.323.659,00","R$ 288.388.809,40","R$ 37.021.647,42","R$ 1.226.182.170,00","R$ 440.145.461,30","R$ 1.048.487.990,00","R$ 52.900.254.500,00","R$ 32.780.072.000,00","R$ 364.972.102,40","R$ 2.828.701.529,00","R$ 1.400.697,79"
2011,Todas,"R$ 1.848.233.467,00","R$ 0,00","R$ 2.855.414.804,00","R$ 16.740.267.570,00","R$ 36.199.124.020,00","R$ 0,00","R$ 0,00","R$ 0,00","R$ 192.564.292.400,00","R$ 32.952.637.360,00","R$ 28.446.793.310,00","R$ 16.150.877.900,00","R$ 37.013.771.470,00","R$ 54.172.508.980,00","R$ 68.415.392,23","R$ 554.593.437,60","R$ 15.944.522.650,00","R$ 0,00","R$ 0,00","R$ 0,00","R$ 0,00","R$ 0,00","R$ 0,00","R$ 51.384.448.200,00","R$ 30.253.823.790,00","R$ 0,00","R$ 3.607.342.834,00","R$ 0,00"
2010,Todas,"R$ 1.441.231.701,00","R$ 0,00","R$ 2.475.906.435,00","R$ 14.411.115.850,00","R$ 27.425.406.060,00","R$ 0,00","R$ 0,00","R$ 0,00","R$ 162.712.552.400,00","R$ 30.769.731.030,00","R$ 26.411.527.290,00","R$ 12.260.253.900,00","R$ 29.671.849.000,00","R$ 50.482.715.100,00","R$ 64.642.117,43","R$ 413.175.020,80","R$ 12.640.329.020,00","R$ 0,00","R$ 0,00","R$ 0,00","R$ 0,00","R$ 0,00","R$ 0,00","R$ 43.672.435.710,00","R$ 26.105.730.620,00","R$ 0,00","R$ 3.400.266.179,00","R$ 0,00"
2009,Todas,"R$ 1.199.031.783,00","R$ 0,00","R$ 2.308.364.793,00","R$ 14.717.211.640,00","R$ 19.914.474.940,00","R$ 0,00","R$ 0,00","R$ 0,00","R$ 133.282.529.500,00","R$ 27.866.649.720,00","R$ 24.401.172.090,00","R$ 10.452.911.660,00","R$ 22.851.738.050,00","R$ 46.426.383.690,00","R$ 84.243.832,82","R$ 0,00","R$ 0,00","R$ 0,00","R$ 0,00","R$ 0,00","R$ 0,00","R$ 0,00","R$ 0,00","R$ 48.657.682.060,00","R$ 22.483.993.500,00","R$ 0,00","R$ 2.837.181.253,00","R$ 0,00"
2008,Todas,"R$ 1.030.120.228,00","R$ 0,00","R$ 2.213.204.219,00","R$ 12.928.048.940,00","R$ 19.677.220.030,00","R$ 0,00","R$ 0,00","R$ 0,00","R$ 129.843.900.700,00","R$ 26.229.184.420,00","R$ 22.638.779.390,00","R$ 9.349.752.137,00","R$ 19.876.025.640,00","R$ 48.137.487.390,00","R$ 0,00","R$ 0,00","R$ 0,00","R$ 0,00","R$ 0,00","R$ 0,00","R$ 0,00","R$ 0,00","R$ 0,00","R$ 48.262.972.590,00","R$ 20.214.340.130,00","R$ 0,00","R$ 2.757.209.212,00","R$ 0,00"
2007,Todas,"R$ 491.034.750,40","R$ 0,00","R$ 983.433.100,80","R$ 9.136.082.259,00","R$ 8.475.155.332,00","R$ 0,00","R$ 0,00","R$ 0,00","R$ 102.650.381.200,00","R$ 8.592.146.432,00","R$ 12.762.362.640,00","R$ 4.152.146.332,00","R$ 4.831.698.857,00","R$ 22.822.578.740,00","R$ 0,00","R$ 0,00","R$ 0,00","R$ 0,00","R$ 0,00","R$ 0,00","R$ 0,00","R$ 0,00","R$ 0,00","R$ 25.855.851.730,00","R$ 8.272.250.757,00","R$ 0,00","R$ 1.964.465.410,00","R$ 0,00"